Date,PJM: Tie-Flows MISO imports 5Min(7732)-MW,PJM: InterTieFlow-NYIS(6096)-MW
1/24/2022 10:00,2550.25,-1830.42
1/24/2022 11:00,2717.42,-1652
1/24/2022 12:00,2973.67,-2194.83
1/24/2022 13:00,2715,-2312.5
1/24/2022 14:00,2895.92,-2398
1/24/2022 15:00,2763.92,-2082.75
1/24/2022 16:00,2327.58,-2026.67
1/24/2022 17:00,2459.75,-2198.58
1/24/2022 18:00,2477,-2002.08
1/24/2022 19:00,2388.42,-2065.92
1/24/2022 20:00,2582,-1889.42
1/24/2022 21:00,2931.42,-1720
1/24/2022 22:00,3144.08,-1684.75
1/24/2022 23:00,2920.5,-1934
1/25/2022 0:00,3523.58,-1966.33
1/25/2022 1:00,3890.42,-2013.42
1/25/2022 2:00,3899,-2033.58
1/25/2022 3:00,3777,-2230.42
1/25/2022 4:00,3790.83,-2161.67
1/25/2022 5:00,3664.83,-2310.17
1/25/2022 6:00,3429.92,-2215.58
1/25/2022 7:00,3400.92,-2312.83
1/25/2022 8:00,3006.42,-2100.17
1/25/2022 9:00,3741.67,-2338.08
1/25/2022 10:00,3611.92,-2120.17
1/25/2022 11:00,3640.08,-1906.92
1/25/2022 12:00,3374,-1927.33
1/25/2022 13:00,3843.75,-2191.08
1/25/2022 14:00,3759.83,-1960.5
1/25/2022 15:00,3564.54,-2122.25
1/25/2022 16:00,3746.42,-2534.33
1/25/2022 17:00,3351.83,-2499.42
1/25/2022 18:00,3654.25,-2600.92
1/25/2022 19:00,3794.42,-2298
1/25/2022 20:00,3800.83,-2426.58
1/25/2022 21:00,3792.42,-2289.75
1/25/2022 22:00,3762.08,-2255.92
1/25/2022 23:00,3537.42,-2230.33
1/26/2022 0:00,3113.83,-1893.75
1/26/2022 1:00,2879.42,-1959.17
1/26/2022 2:00,2806.58,-1945.75
1/26/2022 3:00,2600.83,-1930.75
1/26/2022 4:00,2176.5,-2087.08
1/26/2022 5:00,1966.58,-2084.92
1/26/2022 6:00,1893.92,-2009.42
1/26/2022 7:00,1932.42,-2057.5
1/26/2022 8:00,1813.17,-2281.75
1/26/2022 9:00,1692.17,-2418.08
1/26/2022 10:00,1944.33,-2512.75
1/26/2022 11:00,2138.17,-2380.42
1/26/2022 12:00,2020,-2248.33
1/26/2022 13:00,2023.92,-2131.17
1/26/2022 14:00,1685.75,-1878.83
1/26/2022 15:00,1656.58,-1902.17
1/26/2022 16:00,1681.92,-2052.75
1/26/2022 17:00,1139.83,-2060.33
1/26/2022 18:00,1132.67,-2057.5
1/26/2022 19:00,1069.5,-1769.08
1/26/2022 20:00,1085.75,-1863.33
1/26/2022 21:00,1215.42,-1773.92
1/26/2022 22:00,1163.67,-1729.75
1/26/2022 23:00,1246,-1639
1/27/2022 0:00,1871.92,-1357
1/27/2022 1:00,2076.92,-1449.33
1/27/2022 2:00,1772.42,-1165.5
1/27/2022 3:00,1569.33,-1359.42
1/27/2022 4:00,1353.25,-1466.67
1/27/2022 5:00,1184.67,-1519.33
1/27/2022 6:00,1043.08,-1538.83
1/27/2022 7:00,745,-1436.5
1/27/2022 8:00,932.25,-1583.33
1/27/2022 9:00,1408.5,-1604.13
1/27/2022 10:00,1162.08,-1794.67
1/27/2022 11:00,1369.58,-1945.92
1/27/2022 12:00,1482,-1744.83
1/27/2022 13:00,1460.83,-1862.92
1/27/2022 14:00,1187.25,-1918.58
1/27/2022 15:00,1225.92,-1940.75
1/27/2022 16:00,1452.42,-1873.33
1/27/2022 17:00,1376.58,-1780.5
1/27/2022 18:00,1217.75,-1843.08
1/27/2022 19:00,857.92,-1979.17
1/27/2022 20:00,769.67,-1619.5
1/27/2022 21:00,804.33,-1776
1/27/2022 22:00,671.67,-1756.42
1/27/2022 23:00,938.58,-1775.17
1/28/2022 0:00,1308.58,-1957
1/28/2022 1:00,1484.17,-2061.92
1/28/2022 2:00,1995.25,-2082.67
1/28/2022 3:00,1894,-2086
1/28/2022 4:00,1842.33,-2140.5
1/28/2022 5:00,1408.42,-1792
1/28/2022 6:00,1061.25,-1961
1/28/2022 7:00,1251.75,-2087
1/28/2022 8:00,1411.33,-1933.42
1/28/2022 9:00,1764.92,-2092.83
1/28/2022 10:00,1857.92,-2249.83
1/28/2022 11:00,2082.83,-2240.42
1/28/2022 12:00,1712.75,-2352.08
1/28/2022 13:00,1798.33,-2405.67
1/28/2022 14:00,1446,-2446.75
1/28/2022 15:00,1153.42,-2340.83
1/28/2022 16:00,1109.67,-2439.08
1/28/2022 17:00,1018.33,-2408.58
1/28/2022 18:00,1012.83,-2445.67
1/28/2022 19:00,911.92,-2441.67
1/28/2022 20:00,1209.5,-2461
1/28/2022 21:00,1199,-2395.17
1/28/2022 22:00,1171.92,-2443.92
1/28/2022 23:00,1662.83,-2317.08
1/29/2022 0:00,1646,-2070.08
1/29/2022 1:00,1527.5,-2063.33
1/29/2022 2:00,1412.54,-2086.58
1/29/2022 3:00,1419.5,-2241.58
1/29/2022 4:00,1375,-2156.5
1/29/2022 5:00,1181,-2123.08
1/29/2022 6:00,1034.33,-2170.67
1/29/2022 7:00,1016.83,-2199.42
1/29/2022 8:00,815.5,-2018.83
1/29/2022 9:00,1214.5,-2024.5
1/29/2022 10:00,1540,-1891.25
1/29/2022 11:00,1728.5,-2072.17
1/29/2022 12:00,1764.92,-2019.5
1/29/2022 13:00,1657.67,-1916
1/29/2022 14:00,1958.25,-2088
1/29/2022 15:00,1799,-2074.83
1/29/2022 16:00,1794.5,-2193
1/29/2022 17:00,1602,-2035.33
1/29/2022 18:00,1200.67,-1758
1/29/2022 19:00,1059.83,-1814.08
1/29/2022 20:00,886.42,-2060.58
1/29/2022 21:00,669.58,-1871.58
1/29/2022 22:00,882.42,-1863.42
1/29/2022 23:00,353.83,-1936.25
1/30/2022 0:00,486.25,-1751.83
1/30/2022 1:00,621.75,-1499.08
1/30/2022 2:00,522.92,-1042.25
1/30/2022 3:00,556.33,-1000.42
1/30/2022 4:00,575.08,-325.17
1/30/2022 5:00,1037.58,-41
1/30/2022 6:00,1002,10.08
1/30/2022 7:00,1056.08,-875
1/30/2022 8:00,1233.33,-725.75
1/30/2022 9:00,1549.83,-1699.75
1/30/2022 10:00,1898.83,-1907.5
1/30/2022 11:00,1648.08,-1972.92
1/30/2022 12:00,1531.25,-1960
1/30/2022 13:00,1646.25,-2184.17
1/30/2022 14:00,1778.83,-2067.58
1/30/2022 15:00,1620.75,-2117.42
1/30/2022 16:00,1494.25,-2085.75
1/30/2022 17:00,912,-1984.67
1/30/2022 18:00,884.42,-1909
1/30/2022 19:00,771.17,-1920.92
1/30/2022 20:00,908.75,-1954.17
1/30/2022 21:00,753.75,-2001.75
1/30/2022 22:00,761.92,-1946.25
1/30/2022 23:00,1043.25,-2023.5
1/31/2022 0:00,1297.25,-1847.5
1/31/2022 1:00,1057.75,-1820.33
1/31/2022 2:00,1300.75,-1773
1/31/2022 3:00,1277.33,-1848.92
1/31/2022 4:00,1363.08,-1751.33
1/31/2022 5:00,1270.25,-1564.17
1/31/2022 6:00,889.08,-1731.67
1/31/2022 7:00,612.58,-1973
1/31/2022 8:00,648.17,-1975.25
1/31/2022 9:00,727.33,-1871.75
1/31/2022 10:00,729.5,-1906.58
1/31/2022 11:00,1159.83,-1997.83
1/31/2022 12:00,1611.42,-2093.5
1/31/2022 13:00,1899,-2080.75
1/31/2022 14:00,1315.75,-2057.42
1/31/2022 15:00,1219.42,-2055.58
1/31/2022 16:00,1489.5,-1970.67
1/31/2022 17:00,1856.17,-1921.67
1/31/2022 18:00,1630.67,-1851.75
1/31/2022 19:00,1441.42,-2062.17
1/31/2022 20:00,1627.75,-1931.08
1/31/2022 21:00,1902.67,-1857.75
1/31/2022 22:00,1621.67,-1978.33
1/31/2022 23:00,1532.83,-2083.5
2/1/2022 0:00,1713.67,-1825
2/1/2022 1:00,1333.75,-1710.08
2/1/2022 2:00,1397.75,-1562.75
2/1/2022 3:00,1841.17,-1389.67
2/1/2022 4:00,1919.75,-1197.17
2/1/2022 5:00,1548.75,-1328.92
2/1/2022 6:00,577.17,-1551.58
2/1/2022 7:00,287.75,-1500.5
2/1/2022 8:00,1139.33,-1879
2/1/2022 9:00,1517.83,-2135.92
2/1/2022 10:00,1695.42,-2126.92
2/1/2022 11:00,1381,-1997.5
2/1/2022 12:00,1207.42,-2074.42
2/1/2022 13:00,1209.08,-2172.83
2/1/2022 14:00,1119.75,-2135
2/1/2022 15:00,1337.75,-2168.92
2/1/2022 16:00,937.92,-2194.58
2/1/2022 17:00,957.67,-2252.92
2/1/2022 18:00,927.08,-2093.25
2/1/2022 19:00,832.75,-1919.58
2/1/2022 20:00,1048.92,-2129.5
2/1/2022 21:00,1008.83,-1991.83
2/1/2022 22:00,1122.17,-1978.92
2/1/2022 23:00,1257.33,-1890
2/2/2022 0:00,2271.58,-1639.75
2/2/2022 1:00,2786.33,-1604.08
2/2/2022 2:00,2828.92,-1654.33
2/2/2022 3:00,2745.92,-1599.67
2/2/2022 4:00,2647.25,-1639.83
2/2/2022 5:00,2658.33,-1852
2/2/2022 6:00,2447,-1941.08
2/2/2022 7:00,2417,-2019.33
2/2/2022 8:00,2369.92,-2039.17
2/2/2022 9:00,2684.25,-2170.25
2/2/2022 10:00,2456.17,-2014
2/2/2022 11:00,2485.42,-1938.75
2/2/2022 12:00,2891.58,-1998.83
2/2/2022 13:00,2634.33,-1924.58
2/2/2022 14:00,2518.5,-1817.33
2/2/2022 15:00,2216.83,-1740.33
2/2/2022 16:00,2429.42,-1930.42
2/2/2022 17:00,2317.58,-1777.92
2/2/2022 18:00,2060.83,-1949
2/2/2022 19:00,2267.75,-1836.67
2/2/2022 20:00,2387.58,-1843.42
2/2/2022 21:00,2692.67,-2076.42
2/2/2022 22:00,3087.08,-2080.33
2/2/2022 23:00,3328.17,-1841
2/3/2022 0:00,3891.67,-1539
2/3/2022 1:00,4557.33,-1403.75
2/3/2022 2:00,4576,-1454
2/3/2022 3:00,4391.17,-1391.92
2/3/2022 4:00,4238.25,-1403.5
2/3/2022 5:00,4605.83,-1546
2/3/2022 6:00,4391.58,-1654.67
2/3/2022 7:00,4291,-2018.5
2/3/2022 8:00,4182.83,-1912.75
2/3/2022 9:00,4385.5,-1941.83
2/3/2022 10:00,4339.58,-2001.33
2/3/2022 11:00,4188.17,-2238.17
2/3/2022 12:00,4427.08,-2275.08
2/3/2022 13:00,4481.92,-2102.5
2/3/2022 14:00,4366.92,-2049.25
2/3/2022 15:00,4382.25,-1959.42
2/3/2022 16:00,4407.25,-1978
2/3/2022 17:00,4330.67,-1837.75
2/3/2022 18:00,4501.5,-1882.58
2/3/2022 19:00,4634,-1953.67
2/3/2022 20:00,4421.33,-1868.08
2/3/2022 21:00,4740.08,-1976.17
2/3/2022 22:00,4833.08,-1938.08
2/3/2022 23:00,4777.83,-1872
2/4/2022 0:00,4248,-1489.75
2/4/2022 1:00,4178.33,-1788.92
2/4/2022 2:00,3641.42,-1680.75
2/4/2022 3:00,3393.67,-1872.67
2/4/2022 4:00,3202.25,-1812.33
2/4/2022 5:00,2966.25,-1850.5
2/4/2022 6:00,3058.67,-1958.83
2/4/2022 7:00,3198.67,-1645.17
2/4/2022 8:00,3450.17,-1785.83
2/4/2022 9:00,3922.75,-2156.67
2/4/2022 10:00,4161.67,-2221.08
2/4/2022 11:00,4089.92,-2218
2/4/2022 12:00,3871.83,-2152.58
2/4/2022 13:00,3335.5,-2319.92
2/4/2022 14:00,3336.92,-2152.92
2/4/2022 15:00,3377.67,-2143.25
2/4/2022 16:00,3504.25,-2303.75
2/4/2022 17:00,4101.25,-2488.25
2/4/2022 18:00,4000.58,-2328.75
2/4/2022 19:00,4292.83,-2017.5
2/4/2022 20:00,4328.75,-2188.67
2/4/2022 21:00,4296.67,-2204.33
2/4/2022 22:00,3629.75,-2182.67
2/4/2022 23:00,3186.83,-1983.33
2/5/2022 0:00,2981,-1832.83
2/5/2022 1:00,2591.75,-1947
2/5/2022 2:00,3086.33,-2126.58
2/5/2022 3:00,2859,-2001.33
2/5/2022 4:00,2397.08,-2065.92
2/5/2022 5:00,2156,-2113
2/5/2022 6:00,2207.42,-2219.58
2/5/2022 7:00,2163.83,-2229.08
2/5/2022 8:00,2260.83,-2325.17
2/5/2022 9:00,2603.33,-2436.5
2/5/2022 10:00,2689.83,-2310.58
2/5/2022 11:00,2517.25,-2351.67
2/5/2022 12:00,2690.83,-2285.83
2/5/2022 13:00,3287.83,-2225.42
2/5/2022 14:00,3244.33,-2061.17
2/5/2022 15:00,3089,-2089.58
2/5/2022 16:00,2990.58,-2129.75
2/5/2022 17:00,2833.42,-2084.83
2/5/2022 18:00,2661.33,-2046.42
2/5/2022 19:00,2469.5,-1811.75
2/5/2022 20:00,2045.75,-2026.92
2/5/2022 21:00,2002.58,-2028.83
2/5/2022 22:00,1959.25,-1962.08
2/5/2022 23:00,2099.42,-1681.17
2/6/2022 0:00,2159.5,-1717.75
2/6/2022 1:00,1720.5,-1728.17
2/6/2022 2:00,1659,-1852.58
2/6/2022 3:00,1525.75,-1698.92
2/6/2022 4:00,1379.33,-1527.17
2/6/2022 5:00,1266.25,-1742.67
2/6/2022 6:00,1028.25,-1932.92
2/6/2022 7:00,1120.25,-1879.17
2/6/2022 8:00,877.25,-2013.67
2/6/2022 9:00,1145.42,-2160
2/6/2022 10:00,1144.75,-2162.08
2/6/2022 11:00,1330.25,-2333.33
2/6/2022 12:00,1233.58,-2318.33
2/6/2022 13:00,1295.17,-2375.17
2/6/2022 14:00,1742.08,-2273.92
2/6/2022 15:00,2062.25,-2172.5
2/6/2022 16:00,1684.67,-2118.58
2/6/2022 17:00,2029.83,-2073.67
2/6/2022 18:00,2078.17,-2014
2/6/2022 19:00,2686.33,-1826.67
2/6/2022 20:00,2527.58,-1859.42
2/6/2022 21:00,2029.08,-1877.58
2/6/2022 22:00,1496,-2077
2/6/2022 23:00,1767.83,-2057.75
2/7/2022 0:00,1809.25,-1864.92
2/7/2022 1:00,2381,-1828.17
2/7/2022 2:00,2499.5,-1929.17
2/7/2022 3:00,2483.17,-1241.08
2/7/2022 4:00,2652,-1278
2/7/2022 5:00,1815.5,-1370.25
2/7/2022 6:00,1483.5,-1486.83
2/7/2022 7:00,1492.08,-1267.67
2/7/2022 8:00,1425.08,-1355.17
2/7/2022 9:00,1951.42,-1445.5
2/7/2022 10:00,1986.75,-1398.92
2/7/2022 11:00,1955.17,-1340.92
2/7/2022 12:00,1480.42,-1313
2/7/2022 13:00,1132.5,-1514.83
2/7/2022 14:00,728.17,-1617.17
2/7/2022 15:00,1149.67,-1542.92
2/7/2022 16:00,887.25,-1829.25
2/7/2022 17:00,968.58,-1737.42
2/7/2022 18:00,1521.17,-1981.17
2/7/2022 19:00,1398.33,-2032.17
2/7/2022 20:00,1440.08,-2058.83
2/7/2022 21:00,1370.25,-1972.75
2/7/2022 22:00,1472.33,-2059.58
2/7/2022 23:00,1766.25,-1858.5
2/8/2022 0:00,1245.92,-1497.33
2/8/2022 1:00,1485.92,-1429
2/8/2022 2:00,1506.33,-1735.58
2/8/2022 3:00,1697.33,-1783.92
2/8/2022 4:00,1879.25,-1724.58
2/8/2022 5:00,1665.67,-1684.25
2/8/2022 6:00,1165.42,-1807.17
2/8/2022 7:00,1457.83,-1995.67
2/8/2022 8:00,1365.5,-2248.67
2/8/2022 9:00,1242.42,-2351.17
2/8/2022 10:00,1372.33,-2406.42
2/8/2022 11:00,1187.33,-2392.42
2/8/2022 12:00,1407.33,-2399.83
2/8/2022 13:00,1358.83,-2308.25
2/8/2022 14:00,1531.75,-2208
2/8/2022 15:00,1731.08,-2104.33
2/8/2022 16:00,1687.92,-2174.58
2/8/2022 17:00,1910,-1958.08
2/8/2022 18:00,1771.75,-1839.67
2/8/2022 19:00,1704.92,-1786.25
2/8/2022 20:00,1318.92,-1926.17
2/8/2022 21:00,949.5,-2150.75
2/8/2022 22:00,1254.58,-1944.58
2/8/2022 23:00,1588.83,-1793.42
2/9/2022 0:00,2134.67,-2097.17
2/9/2022 1:00,2356.5,-1930.92
2/9/2022 2:00,2243.08,-1877.67
2/9/2022 3:00,2021.5,-1824.83
2/9/2022 4:00,1718.58,-1541.83
2/9/2022 5:00,1493.33,-1782.58
2/9/2022 6:00,1682.25,-1667.75
2/9/2022 7:00,1580.92,-1606.75
2/9/2022 8:00,1510,-2156.83
2/9/2022 9:00,1526.33,-2447.08
2/9/2022 10:00,1667.58,-2348.25
2/9/2022 11:00,2226.92,-2340
2/9/2022 12:00,2378.75,-2153.5
2/9/2022 13:00,2278.83,-2298.42
2/9/2022 14:00,2191.83,-2415
2/9/2022 15:00,2416.33,-2312.33
2/9/2022 16:00,2669.92,-2173.75
2/9/2022 17:00,3057.67,-2151.25
2/9/2022 18:00,3555.25,-2130.08
2/9/2022 19:00,3361.33,-2164.83
2/9/2022 20:00,3266,-2094.75
2/9/2022 21:00,3158.92,-2121.92
2/9/2022 22:00,3423.58,-1971
2/9/2022 23:00,3407.58,-1895.58
2/10/2022 0:00,3139.5,-1912.5
2/10/2022 1:00,3494.22,-1766
2/10/2022 2:00,3752.78,-1932.83
2/10/2022 3:00,3759.75,-1945.67
2/10/2022 4:00,3483.42,-1924.92
2/10/2022 5:00,3045,-1976.25
2/10/2022 6:00,2406.25,-2241.83
2/10/2022 7:00,2143.08,-2226.5
2/10/2022 8:00,2673.08,-2375.17
2/10/2022 9:00,3591.25,-2286.67
2/10/2022 10:00,4276.5,-2042.92
2/10/2022 11:00,4454.67,-2154.92
2/10/2022 12:00,4058.42,-2136
2/10/2022 13:00,3858.17,-2148.08
2/10/2022 14:00,3436.83,-2097.42
2/10/2022 15:00,3241.42,-2035
2/10/2022 16:00,2703.08,-1820.58
2/10/2022 17:00,3100.17,-2105.58
2/10/2022 18:00,2779.17,-2214.67
2/10/2022 19:00,2976.42,-2170.88
2/10/2022 20:00,3114,-2124.17
2/10/2022 21:00,3164.67,-2208.67
2/10/2022 22:00,3083.58,-2234.67
2/10/2022 23:00,3413.33,-2111.25
2/11/2022 0:00,3702.08,-2126.5
2/11/2022 1:00,3940.42,-2101.25
2/11/2022 2:00,3995.58,-2039.33
2/11/2022 3:00,3960.25,-1941.75
2/11/2022 4:00,3316.58,-1872.33
2/11/2022 5:00,2955.75,-2116.25
2/11/2022 6:00,2601.25,-2224.33
2/11/2022 7:00,2563.75,-2219.08
2/11/2022 8:00,2327.67,-2304.25
2/11/2022 9:00,2169.67,-2409.5
2/11/2022 10:00,2872.42,-2353.67
2/11/2022 11:00,3577.75,-2175.67
2/11/2022 12:00,3656.58,-2087.17
2/11/2022 13:00,3745.5,-2104.75
2/11/2022 14:00,3738.58,-1998.17
2/11/2022 15:00,3675.92,-2070.17
2/11/2022 16:00,3544.75,-2059.42
2/11/2022 17:00,3596.42,-2033.92
2/11/2022 18:00,3926.17,-1927.42
2/11/2022 19:00,3802.17,-2000.25
2/11/2022 20:00,3683.5,-1918.42
2/11/2022 21:00,4003.33,-1910.75
2/11/2022 22:00,3995.17,-1805.17
2/11/2022 23:00,3912.25,-1935.67
2/12/2022 0:00,4028.17,-1905.25
2/12/2022 1:00,4528.17,-1814.17
2/12/2022 2:00,4732.42,-1981.33
2/12/2022 3:00,4912.42,-1969.33
2/12/2022 4:00,4984.5,-1794.33
2/12/2022 5:00,4925.25,-1442.17
2/12/2022 6:00,4862.67,-1221.5
2/12/2022 7:00,4879.25,-1173.58
2/12/2022 8:00,5397.33,-1463.58
2/12/2022 9:00,5650.33,-1630.08
2/12/2022 10:00,6296.08,-1758.17
2/12/2022 11:00,6247.83,-1637.33
2/12/2022 12:00,6391.83,-1632.5
2/12/2022 13:00,6365.92,-1508.75
2/12/2022 14:00,5824.17,-1353.67
2/12/2022 15:00,5453.67,-1380.92
2/12/2022 16:00,5261.42,-1464.5
2/12/2022 17:00,5336.5,-1503.58
2/12/2022 18:00,5274.08,-2021.33
2/12/2022 19:00,5041.92,-1882.17
2/12/2022 20:00,4961.17,-1969.58
2/12/2022 21:00,4866,-2030.83
2/12/2022 22:00,5191.58,-1787.5
2/12/2022 23:00,4497.5,-1767.75
2/13/2022 0:00,4246.5,-1672.92
2/13/2022 1:00,4584.58,-1835.5
2/13/2022 2:00,5037.67,-1738.83
2/13/2022 3:00,4575.67,-1779.25
2/13/2022 4:00,4155.92,-1538.5
2/13/2022 5:00,3828.92,-1670.67
2/13/2022 6:00,3442.42,-1794.33
2/13/2022 7:00,3688.17,-1930.33
2/13/2022 8:00,3633.58,-2100.5
2/13/2022 9:00,3599,-2097.17
2/13/2022 10:00,3713.75,-2234.25
2/13/2022 11:00,3632.08,-2329.42
2/13/2022 12:00,3610,-2087
2/13/2022 13:00,3398.17,-1944.33
2/13/2022 14:00,3001.42,-1887.75
2/13/2022 15:00,2715.17,-2115.17
2/13/2022 16:00,2223.69,-2303.75
2/13/2022 17:00,1770.22,-2598.25
2/13/2022 18:00,1862.58,-2393.92
2/13/2022 19:00,2115,-2291.83
2/13/2022 20:00,2261.25,-2263.25
2/13/2022 21:00,2168.33,-2193.67
2/13/2022 22:00,2406.5,-2192.67
2/13/2022 23:00,2417.33,-2128.75
2/14/2022 0:00,2218.08,-1759.17
2/14/2022 1:00,1885.75,-1631
2/14/2022 2:00,1949.75,-1683.42
2/14/2022 3:00,2266.17,-1609.42
2/14/2022 4:00,2270.25,-1728.17
2/14/2022 5:00,1993.92,-1759.08
2/14/2022 6:00,1726.75,-2167.92
2/14/2022 7:00,1564.17,-2576.5
2/14/2022 8:00,1727.17,-2358.33
2/14/2022 9:00,2095.92,-2338.25
2/14/2022 10:00,1934.92,-2312.42
2/14/2022 11:00,1381,-2400
2/14/2022 12:00,1273.83,-2170.67
2/14/2022 13:00,908.42,-1984.17
2/14/2022 14:00,1305.21,-2067.33
2/14/2022 15:00,1462.42,-2247.33
2/14/2022 16:00,1238.42,-2441.08
2/14/2022 17:00,939.25,-2441.92
2/14/2022 18:00,746.33,-2157
2/14/2022 19:00,393.83,-1959.75
2/14/2022 20:00,781.5,-2031.33
2/14/2022 21:00,994.17,-1976.08
2/14/2022 22:00,1544.42,-2053
2/14/2022 23:00,1801.58,-2176.17
2/15/2022 0:00,1496,-1809.25
2/15/2022 1:00,1293.33,-1951.17
2/15/2022 2:00,1036.75,-1949.58
2/15/2022 3:00,1195.83,-1929
2/15/2022 4:00,1214.67,-1891.67
2/15/2022 5:00,1266.08,-2007.17
2/15/2022 6:00,1061.08,-2175.42
2/15/2022 7:00,1448.67,-2395.33
2/15/2022 8:00,1708.08,-2369.17
2/15/2022 9:00,2756.83,-2239.5
2/15/2022 10:00,2720.67,-2233.17
2/15/2022 11:00,3272.5,-2109.5
2/15/2022 12:00,3450.67,-1962.5
2/15/2022 13:00,3210,-1867.25
2/15/2022 14:00,3306.58,-2043.92
2/15/2022 15:00,2995.5,-2038.83
2/15/2022 16:00,2764.67,-2356.67
2/15/2022 17:00,2757.33,-2469.25
2/15/2022 18:00,2873,-2521.25
2/15/2022 19:00,2645.67,-2241.83
2/15/2022 20:00,2307.08,-2234.83
2/15/2022 21:00,2340.92,-2008.92
2/15/2022 22:00,2115.75,-2003.58
2/15/2022 23:00,2220.58,-1776.58
2/16/2022 0:00,3268.08,-2249.17
2/16/2022 1:00,3861.92,-2056.08
2/16/2022 2:00,3920.83,-1963.58
2/16/2022 3:00,3647.5,-2013.67
2/16/2022 4:00,3295.42,-2047.75
2/16/2022 5:00,2887.92,-2246.83
2/16/2022 6:00,2736.92,-2353.67
2/16/2022 7:00,2431.75,-2477.17
2/16/2022 8:00,2685,-2365.67
2/16/2022 9:00,2427.17,-2289.58
2/16/2022 10:00,2723.5,-2194.17
2/16/2022 11:00,3286.17,-2218.42
2/16/2022 12:00,3409.33,-1889.83
2/16/2022 13:00,3634.92,-1843.83
2/16/2022 14:00,3675,-2089.17
2/16/2022 15:00,3804.17,-2014.83
2/16/2022 16:00,3608.08,-1875.92
2/16/2022 17:00,3367.33,-1808.58
2/16/2022 18:00,3713,-1688.42
2/16/2022 19:00,3165.58,-2001.17
2/16/2022 20:00,2962.33,-2008.67
2/16/2022 21:00,2894.33,-1828.17
2/16/2022 22:00,3125.92,-1883.42
2/16/2022 23:00,3326.17,-1868.33
2/17/2022 0:00,4647.58,-1165.75
2/17/2022 1:00,5220.92,-1241.5
2/17/2022 2:00,4932.08,-1271.75
2/17/2022 3:00,4807,-1223.17
2/17/2022 4:00,4876.5,-1266
2/17/2022 5:00,4610.08,-1195
2/17/2022 6:00,4652.25,-1277.92
2/17/2022 7:00,5311.92,-560.67
2/17/2022 8:00,5651.42,-997.75
2/17/2022 9:00,5689.42,-1345.17
2/17/2022 10:00,5781.42,-1411.67
2/17/2022 11:00,5652.58,-1557.42
2/17/2022 12:00,5881.17,-1564.92
2/17/2022 13:00,6111.58,-1717.83
2/17/2022 14:00,5959.75,-1599.5
2/17/2022 15:00,5733.83,-1523.42
2/17/2022 16:00,5647.58,-1584
2/17/2022 17:00,5545.75,-1567.58
2/17/2022 18:00,5553.79,-1470.79
2/17/2022 19:00,5523.17,-1349.58
2/17/2022 20:00,5202.58,-1423.33
2/17/2022 21:00,5207.75,-1360.92
2/17/2022 22:00,5361.25,-1084.67
2/17/2022 23:00,4388.17,-1433.5
2/18/2022 0:00,3840.25,-1992.33
2/18/2022 1:00,4339.17,-2062.67
2/18/2022 2:00,4332.67,-2003.67
2/18/2022 3:00,4206.5,-2049.5
2/18/2022 4:00,4488.75,-2105.5
2/18/2022 5:00,4709.58,-1718.92
2/18/2022 6:00,4678,-1789
2/18/2022 7:00,4913.83,-1651.67
2/18/2022 8:00,4571.08,-1808.25
2/18/2022 9:00,3929.75,-1808.17
2/18/2022 10:00,3726,-2148.42
2/18/2022 11:00,3954.17,-2096.58
2/18/2022 12:00,3560.33,-2002.75
2/18/2022 13:00,3428.92,-1730.08
2/18/2022 14:00,3390,-1913.67
2/18/2022 15:00,3440.5,-1940.75
2/18/2022 16:00,2875.25,-2042.08
2/18/2022 17:00,3283.92,-2057.33
2/18/2022 18:00,3415.83,-2043.25
2/18/2022 19:00,3594.42,-2248.17
2/18/2022 20:00,3542,-2170.83
2/18/2022 21:00,3349.17,-2291.17
2/18/2022 22:00,2969.75,-1932.25
2/18/2022 23:00,2741.5,-2034.83
2/19/2022 0:00,2507.92,-1928.83
2/19/2022 1:00,2248.5,-1882
2/19/2022 2:00,2405.75,-2074.08
2/19/2022 3:00,2699.33,-2009.42
2/19/2022 4:00,2900.17,-1909.17
2/19/2022 5:00,2446.25,-1779
2/19/2022 6:00,2480.33,-1802.08
2/19/2022 7:00,2267.17,-1926.58
2/19/2022 8:00,2227.08,-2432.83
2/19/2022 9:00,2245.67,-2581
2/19/2022 10:00,2300.33,-2268.92
2/19/2022 11:00,2758.92,-2199.08
2/19/2022 12:00,2437.25,-2258.58
2/19/2022 13:00,2455,-2335.5
2/19/2022 14:00,2201.42,-2077.92
2/19/2022 15:00,2222.67,-2021.67
2/19/2022 16:00,2345.17,-2005.42
2/19/2022 17:00,2521,-1872.08
2/19/2022 18:00,2686,-1973.75
2/19/2022 19:00,2559.33,-2121.08
2/19/2022 20:00,2593.83,-1886.33
2/19/2022 21:00,2531.67,-1553.17
2/19/2022 22:00,2545.92,-1829.08
2/19/2022 23:00,2579.75,-1898.83
2/20/2022 0:00,2779.08,-1790.25
2/20/2022 1:00,2775.83,-1898.42
2/20/2022 2:00,2696.75,-1903.5
2/20/2022 3:00,2677.08,-1925.42
2/20/2022 4:00,2632.08,-1815.33
2/20/2022 5:00,2464.75,-1796.33
2/20/2022 6:00,2535.75,-1884.17
2/20/2022 7:00,2408.42,-2309.5
2/20/2022 8:00,2419.17,-2484.25
2/20/2022 9:00,2741.92,-2475.42
2/20/2022 10:00,2859.17,-2352.25
2/20/2022 11:00,2817.17,-2178.08
2/20/2022 12:00,3327.08,-2022.17
2/20/2022 13:00,3512.75,-2065.67
2/20/2022 14:00,3673.67,-1945.92
2/20/2022 15:00,3500.58,-1848
2/20/2022 16:00,3504.42,-2019.33
2/20/2022 17:00,3218.08,-2028.83
2/20/2022 18:00,3272.67,-2019.42
2/20/2022 19:00,3310.75,-1895.17
2/20/2022 20:00,3255.42,-1779.33
2/20/2022 21:00,2968.75,-2007.5
2/20/2022 22:00,2627.17,-2151.83
2/20/2022 23:00,2657.75,-2009.92
2/21/2022 0:00,3123.92,-2146.83
2/21/2022 1:00,3231.42,-2243.17
2/21/2022 2:00,2998.33,-2152.42
2/21/2022 3:00,2826.25,-2161
2/21/2022 4:00,2439.5,-2136
2/21/2022 5:00,2294.83,-2191.25
2/21/2022 6:00,2169.42,-2226.33
2/21/2022 7:00,1876.83,-2249.92
2/21/2022 8:00,2256.5,-2357.08
2/21/2022 9:00,2185.75,-2196.92
2/21/2022 10:00,2345.5,-2000.17
2/21/2022 11:00,2618.25,-2113.67
2/21/2022 12:00,2776.25,-1787.58
2/21/2022 13:00,2707.25,-1534.42
2/21/2022 14:00,2870.5,-1526.75
2/21/2022 15:00,2609.83,-1997.17
2/21/2022 16:00,2668.33,-2123.83
2/21/2022 17:00,2587.5,-2137.75
2/21/2022 18:00,2768,-2091.17
2/21/2022 19:00,2937,-2218.17
2/21/2022 20:00,2855,-2375
2/21/2022 21:00,3116.17,-2161.25
2/21/2022 22:00,3360.42,-2009.17
2/21/2022 23:00,3739.75,-1683.33
2/22/2022 0:00,3994.17,-1207.5
2/22/2022 1:00,4231.25,-1218.08
2/22/2022 2:00,4145.42,-1252.33
2/22/2022 3:00,4076.5,-1160.33
2/22/2022 4:00,4267.08,-1137.25
2/22/2022 5:00,4487.25,-1268.42
2/22/2022 6:00,4537.17,-1563.08
2/22/2022 7:00,4743.92,-1433.08
2/22/2022 8:00,5018.33,-1240.75
2/22/2022 9:00,5037.83,-1084.08
2/22/2022 10:00,4985.58,-1170.08
2/22/2022 11:00,5143.83,-1132.92
2/22/2022 12:00,5139.08,-1097.58
2/22/2022 13:00,5174.92,-1071.58
2/22/2022 14:00,5366.21,-859.5
2/22/2022 15:00,5379.01,-852.42
2/22/2022 16:00,5218.24,-1119.67
2/22/2022 17:00,5166.58,-1327.5
2/22/2022 18:00,4994.42,-1540.08
2/22/2022 19:00,4934.08,-1462.33
2/22/2022 20:00,4869.42,-1328.83
2/22/2022 21:00,4763.83,-1882.92
2/22/2022 22:00,4600.33,-2002.25
2/22/2022 23:00,4362.83,-1739.75
2/23/2022 0:00,4700.58,-1376.58
2/23/2022 1:00,5474.92,-1117.83
2/23/2022 2:00,5445.83,-990.67
2/23/2022 3:00,5622.92,-981.75
2/23/2022 4:00,5721.42,-1127
2/23/2022 5:00,5871.17,-1237.58
2/23/2022 6:00,5718.83,-1429
2/23/2022 7:00,5425.08,-1378.58
2/23/2022 8:00,5302.5,-1344.33
2/23/2022 9:00,5150.33,-1452.75
2/23/2022 10:00,5347.75,-1189.83
2/23/2022 11:00,5421.25,-1090
2/23/2022 12:00,5388.08,-1469.42
2/23/2022 13:00,5273.83,-1421.92
2/23/2022 14:00,5180.17,-1393.75
2/23/2022 15:00,5017.83,-1461
2/23/2022 16:00,4785.25,-1606.67
2/23/2022 17:00,4470.67,-1732
2/23/2022 18:00,4215.17,-1761.42
2/23/2022 19:00,4135.5,-1908.17
2/23/2022 20:00,4305.17,-1636.67
2/23/2022 21:00,4624.58,-1642.08
2/23/2022 22:00,4658.5,-1521.33
2/23/2022 23:00,4290.17,-1278.5
2/24/2022 0:00,3304.83,-1075.75
2/24/2022 1:00,3528.5,-1270.17
2/24/2022 2:00,4210.83,-1333.75
2/24/2022 3:00,4578.25,-1380
2/24/2022 4:00,4393.42,-1530.08
2/24/2022 5:00,4319.08,-1296.42
2/24/2022 6:00,3748.83,-1577.83
2/24/2022 7:00,3266.25,-1537.5
2/24/2022 8:00,3193.42,-1870.5
2/24/2022 9:00,3458.42,-2035.83
2/24/2022 10:00,3233.5,-2136.75
2/24/2022 11:00,2808,-2137.75
2/24/2022 12:00,2936.5,-1889.25
2/24/2022 13:00,3008.92,-1835.42
2/24/2022 14:00,2574.67,-1778.08
2/24/2022 15:00,2281.33,-1980.42
2/24/2022 16:00,1884.5,-1871.5
2/24/2022 17:00,1948.83,-1905.92
2/24/2022 18:00,1958.67,-2149.17
2/24/2022 19:00,2132.5,-2103.5
2/24/2022 20:00,1878.75,-1965.67
2/24/2022 21:00,1725.67,-1815.67
2/24/2022 22:00,1406.58,-1626.83
2/24/2022 23:00,1809.75,-1861.75
2/25/2022 0:00,2317,-2037.33
2/25/2022 1:00,2905.92,-2144.83
2/25/2022 2:00,3200.25,-2152.08
2/25/2022 3:00,3476.75,-2165.17
2/25/2022 4:00,3572,-1998.08
2/25/2022 5:00,2890.33,-2196.25
2/25/2022 6:00,2351.75,-2347.25
2/25/2022 7:00,2023.75,-2393.17
2/25/2022 8:00,1933.58,-2477.92
2/25/2022 9:00,1753.08,-2330.58
2/25/2022 10:00,1705.83,-2447.67
2/25/2022 11:00,1587.17,-2373
2/25/2022 12:00,1729.58,-2620.33
2/25/2022 13:00,1724.5,-2672.25
2/25/2022 14:00,2202.67,-2370.08
2/25/2022 15:00,2413.08,-2207.5
2/25/2022 16:00,2275.17,-2478.75
2/25/2022 17:00,2562.83,-2439.17
2/25/2022 18:00,2537.83,-2289.58
2/25/2022 19:00,2739.25,-2360.5
2/25/2022 20:00,2914.83,-2421.33
2/25/2022 21:00,2782.58,-2206.5
2/25/2022 22:00,2841.83,-2125.08
2/25/2022 23:00,2826.58,-2053.25
2/26/2022 0:00,2987.67,-1904.67
2/26/2022 1:00,3100.42,-1992.5
2/26/2022 2:00,3254.33,-1920.33
2/26/2022 3:00,2975.58,-1969.17
2/26/2022 4:00,2256,-2188.5
2/26/2022 5:00,1907.83,-2103.75
2/26/2022 6:00,1515,-2274.83
2/26/2022 7:00,1464.5,-2504.5
2/26/2022 8:00,1718.5,-2538.08
2/26/2022 9:00,1594.67,-2388.58
2/26/2022 10:00,1628.75,-2323.5
2/26/2022 11:00,1728.92,-2238.25
2/26/2022 12:00,1778,-2250.42
2/26/2022 13:00,1505.92,-2289.92
2/26/2022 14:00,1164,-2422.33
2/26/2022 15:00,1409.75,-2220
2/26/2022 16:00,1555.83,-2095.17
2/26/2022 17:00,1191.83,-2084.08
2/26/2022 18:00,1134.67,-2028.83
2/26/2022 19:00,1199.33,-2205.5
2/26/2022 20:00,1038.25,-2269
2/26/2022 21:00,1282.33,-2319.42
2/26/2022 22:00,1555.92,-2018
2/26/2022 23:00,1630.92,-2072.67
2/27/2022 0:00,2158.33,-2022.83
2/27/2022 1:00,2262.92,-1944.42
2/27/2022 2:00,2326.17,-1962.58
2/27/2022 3:00,2329.33,-1905.92
2/27/2022 4:00,2400.58,-1846
2/27/2022 5:00,2436.42,-2043.08
2/27/2022 6:00,2200.33,-2124.08
2/27/2022 7:00,1937,-2189.92
2/27/2022 8:00,1706.42,-2306.58
2/27/2022 9:00,1560.5,-2378.75
2/27/2022 10:00,1774.92,-2351.17
2/27/2022 11:00,2215.83,-2225.42
2/27/2022 12:00,2488.25,-2304
2/27/2022 13:00,2897.92,-2043.08
2/27/2022 14:00,2719.75,-1912.92
2/27/2022 15:00,2498,-2029.5
2/27/2022 16:00,2428,-1985.25
2/27/2022 17:00,2368.83,-1918.17
2/27/2022 18:00,2468.33,-2112.5
2/27/2022 19:00,2786.75,-2214.25
2/27/2022 20:00,2768.75,-2172.33
2/27/2022 21:00,2540.5,-2221.42
2/27/2022 22:00,2852.83,-2117.33
2/27/2022 23:00,2755.83,-2053.92
2/28/2022 0:00,2068.42,-2138.33
2/28/2022 1:00,2128.67,-2276.17
2/28/2022 2:00,2396,-2251.92
2/28/2022 3:00,2333.25,-2373.17
2/28/2022 4:00,2399.08,-2294.58
2/28/2022 5:00,2616.58,-2366.42
2/28/2022 6:00,2218.75,-2442.42
2/28/2022 7:00,2273.83,-2359.33
2/28/2022 8:00,2182.58,-2309
2/28/2022 9:00,2709.33,-2166.25
2/28/2022 10:00,3325.08,-2165.58
2/28/2022 11:00,3529.71,-2190
2/28/2022 12:00,3739.58,-2205.75
2/28/2022 13:00,3595.33,-2034.33
2/28/2022 14:00,3520.58,-1848.83
2/28/2022 15:00,3342.67,-2048.5
2/28/2022 16:00,2795.25,-2001.25
2/28/2022 17:00,3315.25,-2159.17
2/28/2022 18:00,3437.92,-2081.83
2/28/2022 19:00,3264.25,-2317.25
2/28/2022 20:00,3662.75,-2151
2/28/2022 21:00,3764.75,-2028.17
2/28/2022 22:00,3994.67,-1949.67
2/28/2022 23:00,4040.08,-2054.5
3/1/2022 0:00,5254.25,-2049.75
3/1/2022 1:00,6394.08,-1960.33
3/1/2022 2:00,6214.08,-1934.92
3/1/2022 3:00,5390.75,-2116.67
3/1/2022 4:00,4858.08,-2085.67
3/1/2022 5:00,4097.67,-2249.67
3/1/2022 6:00,3676.67,-2315.08
3/1/2022 7:00,3695.58,-2446.83
3/1/2022 8:00,4359.17,-2491.42
3/1/2022 9:00,4820,-2435.75
3/1/2022 10:00,5419.58,-2189.08
3/1/2022 11:00,5158.33,-1952.17
3/1/2022 12:00,4891.17,-2079.42
3/1/2022 13:00,5045.5,-2270.25
3/1/2022 14:00,4770.42,-2110
3/1/2022 15:00,4790.08,-2115.33
3/1/2022 16:00,4731,-2016.17
3/1/2022 17:00,4854.67,-2013.17
3/1/2022 18:00,4789.67,-1979.83
3/1/2022 19:00,4640.42,-1938.33
3/1/2022 20:00,4376.83,-2310.25
3/1/2022 21:00,4496.42,-2213.92
3/1/2022 22:00,4805.92,-2296.58
3/1/2022 23:00,4498.83,-2220.75
3/2/2022 0:00,4684.58,-1685.75
3/2/2022 1:00,4923.17,-1754.92
3/2/2022 2:00,4626.75,-1628.17
3/2/2022 3:00,4150.17,-1638.83
3/2/2022 4:00,3961.92,-1794.67
3/2/2022 5:00,3603.17,-1768.25
3/2/2022 6:00,3374.71,-1648.67
3/2/2022 7:00,3354.42,-1671
3/2/2022 8:00,3905.63,-1869.17
3/2/2022 9:00,4382.04,-1839.08
3/2/2022 10:00,4797.67,-1866.67
3/2/2022 11:00,4769.92,-1653.42
3/2/2022 12:00,4823.92,-1621.25
3/2/2022 13:00,4711.08,-1630.58
3/2/2022 14:00,4194.58,-1495.67
3/2/2022 15:00,3820.25,-1514.42
3/2/2022 16:00,3521.25,-1744
3/2/2022 17:00,3384.5,-1707.92
3/2/2022 18:00,3444.25,-1489.58
3/2/2022 19:00,3447.83,-1169.33
3/2/2022 20:00,2724.42,-1442
3/2/2022 21:00,3121.5,-1479.42
3/2/2022 22:00,3443.33,-1668.42
3/2/2022 23:00,3445,-1564.83
3/3/2022 0:00,4196.75,-1758.83
3/3/2022 1:00,4384.92,-1734.33
3/3/2022 2:00,4569.42,-1577.33
3/3/2022 3:00,4604.58,-1662.25
3/3/2022 4:00,4332.25,-1464.17
3/3/2022 5:00,4101,-1669.58
3/3/2022 6:00,3910.33,-1881.92
3/3/2022 7:00,3825.75,-1927.33
3/3/2022 8:00,3876,-2066
3/3/2022 9:00,4130.25,-1837.33
3/3/2022 10:00,4394.33,-1868.63
3/3/2022 11:00,4604.42,-1770.75
3/3/2022 12:00,4709.67,-1864
3/3/2022 13:00,4389.58,-1796.92
3/3/2022 14:00,4363.83,-1875.83
3/3/2022 15:00,4357.08,-1877.25
3/3/2022 16:00,3947.83,-1592.42
3/3/2022 17:00,4083.17,-1681.08
3/3/2022 18:00,3608.42,-2032.42
3/3/2022 19:00,3419.5,-2131.33
3/3/2022 20:00,3517.08,-2378.08
3/3/2022 21:00,4122.58,-2112
3/3/2022 22:00,4220.5,-2093.58
3/3/2022 23:00,4110.08,-2177.58
3/4/2022 0:00,3380.42,-1931.5
3/4/2022 1:00,3499.92,-2075.08
3/4/2022 2:00,3372.25,-2110.08
3/4/2022 3:00,3293,-2028.92
3/4/2022 4:00,2725.08,-1887
3/4/2022 5:00,2318.33,-2186.75
3/4/2022 6:00,2055.5,-2138.58
3/4/2022 7:00,2418.92,-2542.33
3/4/2022 8:00,3048.08,-2675.33
3/4/2022 9:00,3563.42,-2279.67
3/4/2022 10:00,3890.83,-2261.42
3/4/2022 11:00,4344.67,-1866.58
3/4/2022 12:00,4481.08,-1777.42
3/4/2022 13:00,4670.75,-1816.67
3/4/2022 14:00,4858.5,-1644.75
3/4/2022 15:00,4459.58,-1518
3/4/2022 16:00,3961.5,-1937.25
3/4/2022 17:00,3922.33,-2167.42
3/4/2022 18:00,4002.08,-2057.5
3/4/2022 19:00,4196.83,-1990.42
3/4/2022 20:00,4362.92,-2105.67
3/4/2022 21:00,4203.17,-2159.67
3/4/2022 22:00,3845.83,-2032.92
3/4/2022 23:00,3301.67,-1761.42
3/5/2022 0:00,3724.17,-1992
3/5/2022 1:00,3670.75,-1863
3/5/2022 2:00,3659.5,-1967.83
3/5/2022 3:00,3615.25,-2038
3/5/2022 4:00,3595.5,-2145.83
3/5/2022 5:00,3823.42,-1853.08
3/5/2022 6:00,3812.33,-1659.33
3/5/2022 7:00,3317.92,-1818.5
3/5/2022 8:00,3397.67,-2020.83
3/5/2022 9:00,4140,-1901.58
3/5/2022 10:00,4632.25,-1929.75
3/5/2022 11:00,4782.75,-1889.42
3/5/2022 12:00,4596.67,-1943.83
3/5/2022 13:00,4568.67,-1902.75
3/5/2022 14:00,4386.5,-1745.83
3/5/2022 15:00,4222.25,-1735.75
3/5/2022 16:00,4185.5,-1707.67
3/5/2022 17:00,4536.83,-1864.58
3/5/2022 18:00,4502.17,-1681.92
3/5/2022 19:00,4312.58,-1943.25
3/5/2022 20:00,3630.42,-1688.92
3/5/2022 21:00,3044.17,-1377.67
3/5/2022 22:00,2796.42,-1181.58
3/5/2022 23:00,2640,-1053.67
3/6/2022 0:00,2656.25,-965.67
3/6/2022 1:00,2804.08,-978.08
3/6/2022 2:00,2640.42,-832.92
3/6/2022 3:00,2754.75,-761
3/6/2022 4:00,3089.83,-613.58
3/6/2022 5:00,3198.67,-478.67
3/6/2022 6:00,2811.42,-537.33
3/6/2022 7:00,2864.17,-476
3/6/2022 8:00,3607.42,-379.42
3/6/2022 9:00,3551.58,-333.17
3/6/2022 10:00,3526.5,-583.58
3/6/2022 11:00,3218.92,-591
3/6/2022 12:00,2909.08,-726.75
3/6/2022 13:00,2046.83,-810.33
3/6/2022 14:00,1787.5,-989.42
3/6/2022 15:00,1628.67,-644.25
3/6/2022 16:00,1493.58,-829
3/6/2022 17:00,1403.5,-864.67
3/6/2022 18:00,1315.25,-961.5
3/6/2022 19:00,1506.79,-1202.17
3/6/2022 20:00,1948,-1226.08
3/6/2022 21:00,2202.42,-1302.75
3/6/2022 22:00,2589,-1130.17
3/6/2022 23:00,3008.75,-1056.92
3/7/2022 0:00,3265.67,-545.25
3/7/2022 1:00,3631.58,-919.92
3/7/2022 2:00,3757.5,-1092.67
3/7/2022 3:00,3912.58,-1426
3/7/2022 4:00,3521.17,-1479.58
3/7/2022 5:00,3618.08,-1459.75
3/7/2022 6:00,3366.08,-1372.25
3/7/2022 7:00,3303.42,-1304.83
3/7/2022 8:00,3136.42,-1662
3/7/2022 9:00,3306.17,-1630.5
3/7/2022 10:00,3690.5,-1721.33
3/7/2022 11:00,3715.92,-1620
3/7/2022 12:00,3804.25,-1363.58
3/7/2022 13:00,3562.58,-1275.25
3/7/2022 14:00,3241.67,-1413.83
3/7/2022 15:00,3196.33,-1306.17
3/7/2022 16:00,3195.25,-1540.42
3/7/2022 17:00,3148.33,-1345.92
3/7/2022 18:00,2723.92,-1406.17
3/7/2022 19:00,2633.5,-1538.42
3/7/2022 20:00,2856,-1630.42
3/7/2022 21:00,2868.33,-1156.17
3/7/2022 22:00,3264.08,-1201.67
3/7/2022 23:00,3231.67,-1129.33
3/8/2022 0:00,3830.33,-1038.92
3/8/2022 1:00,4071.5,-743.75
3/8/2022 2:00,3638.08,-710.83
3/8/2022 3:00,3650.08,-766.17
3/8/2022 4:00,3800.83,-761.5
3/8/2022 5:00,3619.08,-891.83
3/8/2022 6:00,3181.67,-922.17
3/8/2022 7:00,3299.17,-1378.75
3/8/2022 8:00,3438.5,-1618
3/8/2022 9:00,3548.08,-1543.92
3/8/2022 10:00,3578.25,-1267.08
3/8/2022 11:00,3738.67,-1342.67
3/8/2022 12:00,3587.92,-1448.33
3/8/2022 13:00,3291.42,-1277.92
3/8/2022 14:00,2996.5,-1412.83
3/8/2022 15:00,2799.29,-1401.33
3/8/2022 16:00,2813.67,-1547.33
3/8/2022 17:00,2791.5,-1952.83
3/8/2022 18:00,2702.75,-1747.08
3/8/2022 19:00,2626,-1711.08
3/8/2022 20:00,2350.67,-1902.08
3/8/2022 21:00,2497.17,-1834.25
3/8/2022 22:00,2522.17,-1517.58
3/8/2022 23:00,2677.83,-1538.67
3/9/2022 0:00,2239.75,-870.17
3/9/2022 1:00,2095.83,-638.42
3/9/2022 2:00,2283.75,-637.25
3/9/2022 3:00,2448.42,-491.25
3/9/2022 4:00,2144.08,-474.75
3/9/2022 5:00,1749.17,-472.42
3/9/2022 6:00,1509.75,-381.75
3/9/2022 7:00,1725.75,-651.42
3/9/2022 8:00,1953.83,-851.58
3/9/2022 9:00,2231.92,-666.92
3/9/2022 10:00,2679.25,-948.5
3/9/2022 11:00,2887.67,-1135.92
3/9/2022 12:00,2572.42,-1489.17
3/9/2022 13:00,2469.17,-1654.25
3/9/2022 14:00,2308.67,-1538.58
3/9/2022 15:00,1867.75,-1711.08
3/9/2022 16:00,1644.42,-1566.83
3/9/2022 17:00,1279.75,-1128
3/9/2022 18:00,1307.83,-1133.08
3/9/2022 19:00,1299.08,-700.42
3/9/2022 20:00,1822.5,-903.75
3/9/2022 21:00,2375.67,-1134.25
3/9/2022 22:00,2590.58,-933
3/9/2022 23:00,2990.58,-913.75
3/10/2022 0:00,3729.25,-727.08
3/10/2022 1:00,3876.42,-459.92
3/10/2022 2:00,4059.75,-374.25
3/10/2022 3:00,4099.33,-549.25
3/10/2022 4:00,3824.83,-414.25
3/10/2022 5:00,3116.25,-466.67
3/10/2022 6:00,2427.58,-327
3/10/2022 7:00,2202.75,-527.17
3/10/2022 8:00,1998.75,-594.08
3/10/2022 9:00,2464.17,-647
3/10/2022 10:00,2909.08,-719.67
3/10/2022 11:00,3426.58,-705.83
3/10/2022 12:00,3507.58,-856.42
3/10/2022 13:00,3610.83,-957.92
3/10/2022 14:00,3575.5,-1018.25
3/10/2022 15:00,3936.92,-906.42
3/10/2022 16:00,3513.5,-668
3/10/2022 17:00,3382.75,-893.75
3/10/2022 18:00,3402.25,-1275.08
3/10/2022 19:00,3200.08,-1199.17
3/10/2022 20:00,3140,-803.58
3/10/2022 21:00,3060.08,-833.58
3/10/2022 22:00,3295.75,-833.83
3/10/2022 23:00,3349.58,-681.75
3/11/2022 0:00,3922.75,-1337.17
3/11/2022 1:00,4093.67,-1793.58
3/11/2022 2:00,4323.75,-1553.08
3/11/2022 3:00,4281.83,-1811.17
3/11/2022 4:00,3795.75,-1353.92
3/11/2022 5:00,3281.58,-956.75
3/11/2022 6:00,2810.25,-784.25
3/11/2022 7:00,2765.25,-807.67
3/11/2022 8:00,3264.92,-1480.58
3/11/2022 9:00,4296.42,-1379.58
3/11/2022 10:00,4617.75,-1244.92
3/11/2022 11:00,4424.92,-1282.08
3/11/2022 12:00,4554.83,-1149.25
3/11/2022 13:00,4200,-1329.75
3/11/2022 14:00,3758.5,-1629.83
3/11/2022 15:00,3497.08,-1563.33
3/11/2022 16:00,3417.17,-1785.75
3/11/2022 17:00,3253.33,-1768.17
3/11/2022 18:00,3537,-1649.83
3/11/2022 19:00,4094.83,-1564.92
3/11/2022 20:00,4513.67,-1506.08
3/11/2022 21:00,4474.67,-1366
3/11/2022 22:00,4756.92,-1101.42
3/11/2022 23:00,4492.42,-1609.75
3/12/2022 0:00,3884.67,-838.17
3/12/2022 1:00,4347.67,-958.08
3/12/2022 2:00,4620.58,-1069
3/12/2022 3:00,4579.83,-1011.5
3/12/2022 4:00,4162.83,-941.67
3/12/2022 5:00,3710.25,-749.5
3/12/2022 6:00,4004.5,-613.58
3/12/2022 7:00,3676.5,-362.58
3/12/2022 8:00,2603.92,-545.5
3/12/2022 9:00,2187.33,-563.25
3/12/2022 10:00,2603.5,-740.83
3/12/2022 11:00,2145.75,-1086.5
3/12/2022 12:00,1808.33,-1361.17
3/12/2022 13:00,1546.58,-1398.25
3/12/2022 14:00,1415.08,-1271
3/12/2022 15:00,1100.75,-1392.08
3/12/2022 16:00,1014,-1318.67
3/12/2022 17:00,495.42,-1100.42
3/12/2022 18:00,549,-1114.92
3/12/2022 19:00,732.83,-859.58
3/12/2022 20:00,369.33,-669.58
3/12/2022 21:00,752.67,-793.33
3/12/2022 22:00,1191.67,-1006.75
3/12/2022 23:00,1377.5,-917.5
3/13/2022 0:00,1370,-882.17
3/13/2022 1:00,1447,-779.83
3/13/2022 2:00,1310.17,-798.08
3/13/2022 4:00,1709.67,-688.42
3/13/2022 5:00,1652,-785.33
3/13/2022 6:00,1533.42,-845.75
3/13/2022 7:00,1353.17,-830
3/13/2022 8:00,1568.42,-978.67
3/13/2022 9:00,1928.33,-1202.75
3/13/2022 10:00,2021.17,-1457
3/13/2022 11:00,1912,-1685.92
3/13/2022 12:00,2083.92,-1862.42
3/13/2022 13:00,2157.58,-1738
3/13/2022 14:00,2385,-1868.33
3/13/2022 15:00,2538.42,-1702.25
3/13/2022 16:00,2757.42,-1753.83
3/13/2022 17:00,2950.42,-1400
3/13/2022 18:00,2588.75,-1223.33
3/13/2022 19:00,1973.17,-1764.92
3/13/2022 20:00,1628.42,-1934.08
3/13/2022 21:00,1388.08,-1951.33
3/13/2022 22:00,1153.25,-1768.5
3/13/2022 23:00,1490.08,-1668.67
3/14/2022 0:00,1842.92,-1315.17
3/14/2022 1:00,1664.5,-1053.83
3/14/2022 2:00,1459.5,-949.58
3/14/2022 3:00,1665.88,-1081.92
3/14/2022 4:00,1543.67,-1301.75
3/14/2022 5:00,1464.83,-808.25
3/14/2022 6:00,1358.25,-952.92
3/14/2022 7:00,847.83,-957.67
3/14/2022 8:00,1031.67,-1233.17
3/14/2022 9:00,1482.25,-1752.75
3/14/2022 10:00,2478.33,-1257.83
3/14/2022 11:00,3138.25,-1033.67
3/14/2022 12:00,2959.08,-857
3/14/2022 13:00,3293.67,-865.42
3/14/2022 14:00,3020.33,-904.42
3/14/2022 15:00,2905.17,-729.17
3/14/2022 16:00,3039.67,-711.92
3/14/2022 17:00,3184.08,-669.5
3/14/2022 18:00,2748.25,-1276.67
3/14/2022 19:00,2478.33,-1390.58
3/14/2022 20:00,2549.17,-1289.25
3/14/2022 21:00,2635.92,-1175.92
3/14/2022 22:00,2726.08,-1055.25
3/14/2022 23:00,3250.5,-844.08
3/15/2022 0:00,3442.08,-979
3/15/2022 1:00,4387.92,-1044.17
3/15/2022 2:00,4766.75,-961.58
3/15/2022 3:00,4514.33,-942.42
3/15/2022 4:00,4233.17,-951.83
3/15/2022 5:00,3983.08,-1267.92
3/15/2022 6:00,3662.58,-1038.17
3/15/2022 7:00,2968.67,-1009.58
3/15/2022 8:00,3203.58,-1169.67
3/15/2022 9:00,3208.5,-1521
3/15/2022 10:00,3619.58,-1399.25
3/15/2022 11:00,4287.42,-1576.83
3/15/2022 12:00,4638.75,-1697.5
3/15/2022 13:00,5257.83,-1338.25
3/15/2022 14:00,5292,-1303.42
3/15/2022 15:00,4830.42,-1222.83
3/15/2022 16:00,4172.67,-1023.58
3/15/2022 17:00,3562.5,-1176.17
3/15/2022 18:00,3274.83,-1385.75
3/15/2022 19:00,3415.58,-1606.08
3/15/2022 20:00,3134.58,-1483.58
3/15/2022 21:00,2796.83,-1171.75
3/15/2022 22:00,2967.92,-1328.25
3/15/2022 23:00,3263.17,-1498.08
3/16/2022 0:00,3009.75,-1099.58
3/16/2022 1:00,3072.75,-1204.5
3/16/2022 2:00,3592.83,-1098.5
3/16/2022 3:00,3438.75,-1021.92
3/16/2022 4:00,3505.25,-961.67
3/16/2022 5:00,3722.42,-852.33
3/16/2022 6:00,3424.5,-806.92
3/16/2022 7:00,3046.08,-800.33
3/16/2022 8:00,3474.5,-1399
3/16/2022 9:00,3652.83,-1441.42
3/16/2022 10:00,3758.67,-1377
3/16/2022 11:00,4111.58,-1542.58
3/16/2022 12:00,4484.5,-1451.75
3/16/2022 13:00,4938.5,-1360.58
3/16/2022 14:00,4475.25,-913
3/16/2022 15:00,4799.83,-916.25
3/16/2022 16:00,4391.08,-770.17
3/16/2022 17:00,4242.17,-888.42
3/16/2022 18:00,3964.42,-967.58
3/16/2022 19:00,4054.08,-760.25
3/16/2022 20:00,3968.58,-967.75
3/16/2022 21:00,3559.92,-782
3/16/2022 22:00,3669.75,-206.42
3/16/2022 23:00,3930.08,-486
3/17/2022 0:00,3705.75,-549.17
3/17/2022 1:00,3351.17,-522.75
3/17/2022 2:00,3395.33,-658.17
3/17/2022 3:00,3175.17,-658.08
3/17/2022 4:00,3312.5,-765
3/17/2022 5:00,3171.83,-625.17
3/17/2022 6:00,3099.42,-604.83
3/17/2022 7:00,2449.25,-654.25
3/17/2022 8:00,2972.42,-966.42
3/17/2022 9:00,3211.58,-963.17
3/17/2022 10:00,3505.58,-961.33
3/17/2022 11:00,3603.17,-976
3/17/2022 12:00,3384.83,-924.08
